{"cameraMode":{"drawMode":0,"name":"Shaded","section":"Shading Mode"},"sceneLighting":false,"audioPlay":false,"sceneViewState":{"showFog":false,"showMaterialUpdate":false,"showSkybox":true,"showFlares":false,"showImageEffects":false,"showParticleSystems":false},"in2DMode":false,"pivot":{"x":-44.86116409301758,"y":12.923935890197754,"z":-7.356095314025879},"rotation":{"x":-0.3338119685649872,"y":-0.5487136840820313,"z":0.253184050321579,"w":-0.7234421372413635},"size":1.7660253047943116,"orthographic":false}