{"cameraMode":{"drawMode":0,"name":"Shaded","section":"Shading Mode"},"sceneLighting":false,"audioPlay":false,"sceneViewState":{"showFog":false,"showMaterialUpdate":false,"showSkybox":true,"showFlares":false,"showImageEffects":false,"showParticleSystems":false},"in2DMode":false,"pivot":{"x":24.85304832458496,"y":1.8784818649291993,"z":-0.7767307758331299},"rotation":{"x":-0.15416395664215089,"y":0.7338045835494995,"z":-0.17748303711414338,"w":-0.6373897194862366},"size":10.0,"orthographic":false}